[]	2070	0.407878134613	-0.0701278276497
[2047, 238, 2039, 1856, 1072, 1182, 215, 699, 1243, 1293, 2062, 549, 102, 1930, 1090, 1155, 352, 1833, 1193, 547, 1186, 1360, 1848, 395, 1869, 770, 1177, 283, 280, 315, 2040, 792, 798, 624, 1076, 1595, 609, 329, 1222, 1859, 474, 1896, 1880, 2054, 1452, 471, 1037, 1488, 1998, 1183, 1622, 1793, 428, 248, 652, 1540, 1605, 1976, 817, 2045, 1338, 762, 133, 398, 1634, 2029, 1872, 1576, 990, 397, 64, 54, 1226, 1628, 28, 1641, 1403, 1597, 1073, 616, 1575, 39, 568, 1498, 1507, 804, 1140, 1968, 801, 1888, 1141, 13, 807, 1303, 1253, 276, 1935, 1481, 1298, 1688, 341, 1659, 1779, 566, 1722, 40, 1813, 1662, 1878, 235, 713, 1508, 1794, 2032, 1472, 159, 1649, 1080, 1421, 2020, 1915, 2059, 1220, 1555, 1582, 946, 16, 1381, 581, 433, 1588, 388, 1683, 1755, 1799, 1863, 1304, 923, 487, 1800, 52, 1990, 1742, 1257, 871, 845, 2034, 1711, 1041, 986, 1975, 1735, 2037, 1902, 1600, 1774, 1519, 1590, 2028, 1933, 1007, 2055, 786, 1323, 1532, 267, 1991, 1297, 1337, 1160, 139, 1423, 1802, 1559, 1470, 1547, 1916, 1456, 1169, 97, 1190, 1263, 1362, 1300, 1864, 1258, 2002, 1246, 1725, 1738, 84, 2044, 1882, 1163, 1850, 1375, 1341, 1897, 1883, 1932]	1870	0.455300081294	-0.0676279379361
[1855, 427, 862, 1621, 15, 1728, 1715, 1820, 1718, 90, 1486, 2014, 1084, 274, 1317, 163, 958, 1690, 77, 1464, 1054, 83, 1092, 1197, 1876, 552, 1418, 1250, 854, 619, 380, 263, 277, 2023, 562, 1591, 1299, 302, 563, 692, 365, 506, 1593, 1568, 1927, 1439, 1957, 493, 445, 140, 1095, 2036, 60, 1771, 1329, 361, 1937, 1560, 70, 1069, 1516, 1166, 1904, 964, 1545, 1281, 1978, 981, 853, 169, 1428, 775, 522, 1891, 536, 192, 617, 469, 504, 748, 1620, 1449, 1332, 167, 2058, 1969, 404, 2016, 790, 966, 1272, 1035, 86, 1523, 1385, 1556, 1356, 703, 765, 484, 1917, 273, 1870, 982, 268, 1744, 1627, 722, 1772, 673, 1970, 1103, 460, 882, 224, 446, 1906, 1370, 35, 1551, 1566, 95, 1708, 2010, 888, 979, 1911, 1939, 1827, 1283, 1981, 1302, 1571, 377, 1672, 2063, 1365, 1837, 1653, 1025, 124, 1783, 220, 1171, 1312, 71, 68, 327, 1446, 987, 776, 1773, 1137, 1758, 1858, 1919, 2018, 1892, 820, 1607, 2046, 2026, 1402, 1750, 1075, 3, 325, 1893, 2050, 1960, 579, 1352, 518, 1433, 1079, 500, 784, 1261, 1901, 1709, 2024, 501, 1127, 1438, 1404, 864, 827, 1407, 184, 1260, 19, 952, 1380, 1573, 1504, 1768, 290, 426, 1673, 1219]	1670	0.491197601382	-0.0711496798231
[1963, 1465, 495, 400, 1997, 646, 969, 1100, 985, 414, 138, 936, 1187, 1364, 150, 921, 709, 255, 56, 1652, 1123, 437, 1549, 1475, 664, 1414, 294, 897, 456, 503, 289, 753, 533, 182, 240, 197, 1945, 205, 1515, 1479, 774, 1491, 1045, 1164, 728, 424, 1702, 1691, 2052, 719, 266, 1284, 811, 1528, 707, 1838, 813, 1732, 584, 451, 582, 535, 872, 1387, 1083, 374, 293, 1782, 672, 249, 1344, 631, 1345, 1474, 1136, 1689, 8, 1579, 143, 1049, 1849, 1198, 338, 1363, 819, 1020, 1242, 1816, 1608, 839, 80, 1394, 991, 2027, 448, 1834, 589, 1176, 814, 831, 1327, 1999, 6, 9, 836, 618, 459, 1567, 565, 1274, 370, 805, 1803, 1170, 416, 1417, 1875, 1009, 865, 275, 874, 530, 570, 1318, 1971, 1967, 1923, 634, 1733, 1533, 1382, 1078, 1731, 1401, 1804, 1797, 1811, 1301, 576, 526, 32, 1097, 1598, 1238, 1205, 1974, 824, 1949, 1743, 1650, 1879, 962, 825, 1764, 614, 1227, 1669, 1088, 550, 195, 351, 2041, 1445, 2033, 596, 1340, 234, 1819, 431, 466, 432, 1823, 917, 236, 1723, 1606, 1851, 1218, 771, 2042, 413, 642, 196, 1629, 1824, 1484, 1687, 1267, 1950, 482, 1717, 1603, 1471, 1796, 929, 1153, 1443, 626, 803, 2013]	1470	0.524095505084	-0.0716957988483
[704, 1962, 623, 1158, 1536, 974, 978, 1993, 1444, 662, 883, 604, 1313, 1143, 1017, 284, 420, 237, 1798, 724, 1696, 1014, 651, 1626, 1233, 689, 457, 366, 392, 613, 1648, 209, 1681, 1371, 63, 108, 1977, 678, 590, 1552, 425, 844, 658, 693, 1180, 608, 1437, 1460, 1513, 1494, 1617, 561, 336, 31, 951, 777, 976, 1526, 1167, 111, 321, 1082, 492, 2021, 391, 564, 1795, 1001, 682, 155, 344, 856, 1322, 242, 880, 1868, 706, 601, 353, 358, 857, 1780, 911, 621, 1087, 1335, 1142, 2009, 546, 304, 636, 346, 592, 1410, 1249, 1839, 146, 107, 67, 1431, 305, 514, 2022, 1138, 1224, 1985, 383, 1397, 1355, 1134, 647, 992, 1398, 543, 1941, 1898, 264, 210, 1644, 326, 1747, 286, 1336, 513, 193, 419, 637, 1818, 1059, 1943, 389, 1378, 525, 545, 1654, 1895, 117, 577, 1191, 313, 680, 1291, 515, 403, 1132, 528, 1377, 1068, 359, 996, 1612, 1632, 729, 441, 480, 1714, 1684, 158, 1587, 121, 1114, 690, 490, 367, 759, 212, 96, 463, 2069, 702, 1011, 1357, 1259, 742, 934, 1630, 542, 1643, 390, 968, 223, 1539, 741, 1061, 834, 1810, 1480, 1972, 751, 829, 580, 1048, 1346, 1792, 1130, 418, 796, 1063, 1094, 407]	1270	0.554331870298	-0.0694958296613
[216, 105, 1125, 246, 833, 444, 655, 1989, 202, 1192, 1903, 1699, 994, 12, 295, 423, 779, 935, 1739, 1817, 300, 1887, 558, 34, 499, 654, 891, 1034, 1727, 855, 1841, 405, 1086, 100, 1292, 1060, 229, 125, 245, 1358, 1416, 593, 461, 691, 1469, 1534, 778, 447, 1457, 787, 1307, 37, 1269, 822, 755, 1016, 1633, 1874, 104, 348, 1201, 818, 1992, 733, 1955, 1846, 1700, 977, 470, 1809, 1757, 948, 57, 478, 1578, 339, 884, 1487, 18, 1574, 625, 832, 402, 1925, 534, 1395, 712, 1980, 509, 906, 1940, 925, 2006, 1478, 1922, 1305, 1294, 436, 841, 507, 261, 1003, 1546, 171, 1129, 1599, 1509, 349, 723, 1812, 1108, 736, 1043, 1106, 768, 1473, 1147, 502, 1280, 462, 1468, 204, 257, 602, 1050, 1815, 161, 681, 1724, 1577, 213, 226, 53, 932, 378, 756, 1956, 281, 910, 1359, 760, 1924, 25, 376, 1081, 1432, 903, 1890, 464, 1278, 1808, 157, 317, 458, 318, 406, 973, 194, 1736, 394, 1658, 110, 950, 767, 1440, 153, 337, 2025, 166, 1920, 1982, 629, 653, 301, 1845, 312, 1763, 85, 309, 922, 2003, 975, 1184, 1212, 812, 179, 1640, 73, 539, 1543, 627, 1453, 1047, 250, 1948, 553, 244, 1756, 781, 88]	1070	0.58462235767	-0.0728531462665
[333, 933, 726, 1789, 663, 410, 700, 1877, 76, 597, 1584, 123, 279, 1254, 1000, 1204, 119, 199, 256, 154, 187, 1334, 1899, 1483, 743, 821, 262, 789, 955, 473, 408, 1366, 1101, 761, 1900, 1124, 1102, 1144, 1619, 1831, 1354, 1661, 1482, 170, 177, 1777, 1857, 26, 1983, 999, 540, 2031, 1787, 800, 908, 465, 1642, 1682, 661, 1276, 971, 1152, 319, 731, 36, 1961, 1239, 1350, 175, 430, 505, 1485, 717, 1235, 253, 666, 1565, 491, 1071, 51, 200, 455, 340, 1353, 442, 66, 198, 1107, 185, 1115, 520, 720, 201, 959, 1029, 1908, 1104, 258, 1122, 1131, 30, 907, 1373, 843, 1105, 1680, 1208, 517, 873, 1023, 372, 794, 218, 909, 75, 481, 1753, 942, 438, 496, 316, 995, 1236, 947, 1424, 1126, 848, 10, 860, 957, 694, 142, 1775, 2067, 241, 1206, 214, 1368, 1393, 887, 1379, 676, 1225, 869, 152, 1947, 1785, 178, 411, 866, 1022, 307, 1411, 675, 941, 727, 1390, 1623, 1058, 328, 983, 1871, 1002, 449, 878, 1674, 1429, 927, 1705, 369, 1315, 1760, 1585, 33, 485, 988, 1093, 555, 1894, 1266, 1829, 1637, 1181, 1958, 323, 265, 168, 1179, 1490, 1309, 354, 17, 303, 1319, 130, 965, 38, 838, 1027, 368]	870	0.613771662438	-0.0595649840234
[1296, 1601, 1557, 607, 939, 1636, 1384, 835, 544, 2035, 937, 183, 1046, 671, 1330, 1670, 362, 93, 355, 583, 1938, 1759, 554, 72, 1716, 574, 360, 953, 826, 219, 454, 1447, 644, 893, 876, 764, 128, 1268, 918, 578, 1548, 375, 1953, 1091, 611, 285, 79, 529, 347, 595, 385, 1572, 1221, 575, 164, 1729, 738, 1306, 840, 78, 113, 1230, 272, 1752, 931, 1685, 2065, 1112, 468, 498, 1172, 440, 1039, 521, 541, 559, 1347, 523, 687, 225, 766, 1064, 207, 714, 1635, 156, 373, 744, 904, 61, 1273, 815, 1748, 1646, 41, 669, 793, 716, 1463, 1074]	770	0.630029226638	-0.054858162547
[659, 527, 823, 757, 1217, 1310, 1289, 1589, 1451, 227, 1770, 292, 899, 483, 1442, 116, 1161, 915, 357, 363, 943, 1053, 320, 1553, 852, 453, 1372, 701, 2030, 698, 1761, 870, 670, 1807, 1388, 1697, 112, 1178, 1290, 926, 1032, 612, 1918, 488, 2012, 795, 750, 5, 211, 87, 476, 763, 1909, 1861, 905, 1339, 1663, 203, 343, 1162, 1435, 967, 997, 409, 587, 605, 2068, 1741, 1521, 635, 600, 1065, 1660, 806, 221, 557, 524, 1232, 1195, 136, 1907, 386, 1984, 1412, 551, 1492, 1476, 435, 919, 1052, 82, 1324, 516, 65, 434, 938, 134, 606, 1454, 1288]	670	0.649750174864	-0.0588089992354
[1110, 1320, 896, 816, 1405, 1229, 1517, 571, 2004, 1853, 850, 1135, 46, 314, 81, 1710, 537, 1391, 1116, 1769, 1825, 1973, 20, 122, 149, 511, 208, 296, 1028, 863, 58, 683, 989, 1031, 1056, 332, 684, 191, 960, 861, 1594, 1234, 1679, 1751, 1455, 895, 42, 151, 773, 1085, 1913, 1, 306, 1656, 695, 572, 746, 1024, 1624, 573, 667, 1262, 1934, 998, 247, 1173, 875, 45, 497, 1611, 890, 22, 1719, 422, 734, 1762, 176, 674, 118, 109, 914, 1862, 732, 180, 233, 243, 1248, 1826, 174, 900, 1057, 1328, 21, 2057, 2, 1119, 160, 548, 1881, 1964]	570	0.667849897213	-0.0597105220283
[1618, 598, 44, 1946, 963, 780, 2038, 331, 1505, 1399, 126, 1270, 1788, 711, 1333, 1077, 945, 270, 92, 594, 1434, 144, 710, 1210, 1389, 758, 735, 1766, 591, 1929, 1842, 961, 930, 679, 181, 954, 1835, 984, 1459, 586, 311, 512, 1427, 1139, 1188, 479, 401, 697, 43, 190, 399, 396, 99, 1408, 810, 1157, 718, 23, 715, 769, 632, 842, 859, 894, 928, 791, 2011, 881, 1251, 379, 802, 1530, 141, 382, 278, 443, 384, 222, 510, 1287, 11, 877, 310, 450, 1012, 754, 705, 1216, 415, 886, 1535, 1030, 745, 387, 1149, 1564, 297, 1912, 588, 1596]	470	0.681949731048	-0.0292532049379
[1342, 1252, 1314, 1583, 1282, 641, 1666, 1609, 1665, 868, 1215, 538, 1010, 7, 1325, 1647, 1070, 1942, 1994, 228, 648, 1844, 335, 740, 1422, 1668, 299, 1133, 1286, 2048, 1510, 120, 1369, 1396, 837, 1541, 2017, 1995, 231, 1821, 1006, 1776, 89, 452, 1499, 287, 1361, 972, 980, 1580, 560, 1928, 475, 620, 1467, 737, 1151, 657, 828, 2051, 949, 322, 2049, 1889, 1146, 809, 1062, 1746, 1511, 252, 439, 1676, 1561, 1854, 114, 1781, 1156, 696, 188, 1237, 1015, 1311, 1852, 50, 1021, 1271, 1256, 1343, 1117, 1450, 1099, 1720, 585, 1005, 1264, 69, 1558, 2007, 630, 1910]	370	0.700050251584	-0.0382634890049
[27]	369	0.700720275814	-0.0453594425411
[269]	368	0.701163731468	-0.0454668725373
[1944]	367	0.701593010596	-0.0445471872024
[1165]	366	0.702107800069	-0.0469106191048
[665]	365	0.702560270412	-0.0480549755449
[879]	364	0.703067357846	-0.0498369206959
[752]	363	0.703506942769	-0.0483736184401
[1745]	362	0.703953072593	-0.0482339942051
[916]	361	0.704398438769	-0.0477325931622
[885]	360	0.704781776551	-0.0432186144016
[1701]	359	0.705149107918	-0.0429183632643
[797]	358	0.70542544902	-0.0444216025597
[1228]	357	0.705782583234	-0.0425079408713
[1265]	356	0.706108245576	-0.0466697680713
[1004]	355	0.70647943776	-0.0465111350647
[2015]	354	0.706759530201	-0.0467266755913
[603]	353	0.707032687568	-0.0465686606089
[1914]	352	0.707347966148	-0.0477213754273
[639]	351	0.707625134463	-0.0481502935871
[846]	350	0.707981867056	-0.0468378829165
[633]	349	0.708330811973	-0.043878633357
[334]	348	0.708603894675	-0.0420797031836
[148]	347	0.708846048489	-0.0434703421701
[162]	346	0.709130003874	-0.047246367041
[1726]	345	0.709490163558	-0.0470149453712
[1562]	344	0.70982890916	-0.0452159342162
[1602]	343	0.710149716684	-0.0476224555152
[1886]	342	0.710507844084	-0.0502625751299
[677]	341	0.710837606737	-0.0504990952876
[1386]	340	0.711160978766	-0.0495503644922
[1712]	339	0.711618675693	-0.0509376074768
[251]	338	0.712000727195	-0.0494392736494
[1749]	337	0.71235455152	-0.0531263447323
[1348]	336	0.71270094455	-0.0531650967986
[508]	335	0.713043757027	-0.0517989118897
[165]	334	0.713349653851	-0.0574588409592
[127]	333	0.713779892744	-0.0530806391313
[1066]	332	0.714151492444	-0.0528364936889
[1678]	331	0.714562977799	-0.05211307889
[2019]	330	0.714986595738	-0.0513677539857
[532]	329	0.715314376605	-0.0477484845459
[1790]	328	0.715615970595	-0.0489225086309
[350]	327	0.715899885361	-0.0482823576668
[129]	326	0.716218376457	-0.0505631630584
[725]	325	0.716615860941	-0.0547688882921
[1458]	324	0.71698659892	-0.0604127069495
[2061]	323	0.717249857458	-0.0596076567518
[924]	322	0.71755772253	-0.0618443365314
[98]	321	0.717906871583	-0.0596032936534
[1466]	320	0.718216061207	-0.059900287794
[1522]	319	0.718432704152	-0.0590627085054
[1462]	318	0.718722826227	-0.058449817879
[1026]	317	0.719028070234	-0.0577915084663
[1527]	316	0.719368935818	-0.0615628577829
[1503]	315	0.719726019193	-0.0607296366906
[324]	314	0.720105185864	-0.0595068095358
[556]	313	0.720351246741	-0.0582580338241
[898]	312	0.720664226643	-0.0595314974556
[1247]	311	0.720934456485	-0.0593778612692
[106]	310	0.721171864691	-0.0599660581612
[1563]	309	0.721385805609	-0.0587161099291
[1520]	308	0.7216197332	-0.0619673737455
[189]	307	0.721852324285	-0.0623995688586
[48]	306	0.722089435263	-0.0520243398554
[912]	305	0.722290476209	-0.0498242116355
[1544]	304	0.722616577338	-0.0487813312715
[889]	303	0.722840354359	-0.0495142895742
[298]	302	0.723112223412	-0.0489255376595
[747]	301	0.723357995537	-0.0505572431927
[1860]	300	0.723603044425	-0.0497074156084
[1615]	299	0.723739155159	-0.0479703097102
[1921]	298	0.723930234995	-0.0472761262707
[1518]	297	0.7240782925	-0.0445094884747
[1936]	296	0.724249056456	-0.051011578177
[1721]	295	0.724462751516	-0.0513770527808
[59]	294	0.72475933914	-0.0511054800036
[1285]	293	0.72497897554	-0.0536615737229
[901]	292	0.725156478218	-0.0534012652226
[1426]	291	0.725362257331	-0.0545237095545
[1067]	290	0.725653010789	-0.0551640102591
[1223]	289	0.725874569976	-0.0510202920656
[956]	288	0.726217777529	-0.0485110672201
[1822]	287	0.72650269887	-0.050031689511
[920]	286	0.726689035963	-0.0481315922408
[686]	285	0.726979036944	-0.0446154024261
[902]	284	0.727219757043	-0.0522325401786
[668]	283	0.727406610841	-0.0485691268997
[1778]	282	0.72769466598	-0.0482813882171
[1671]	281	0.727912651631	-0.0503128653227
[206]	280	0.728098356008	-0.0509116103574
[381]	279	0.728253145706	-0.0511950538427
[1128]	278	0.728514468581	-0.0490512520954
[1828]	277	0.728839845991	-0.0488068214094
[137]	276	0.729131798218	-0.0473733702598
[808]	275	0.729293944208	-0.0522469738395
[1154]	274	0.729552574865	-0.0548948267201
[393]	273	0.729691179491	-0.0560720005781
[477]	272	0.729847128499	-0.0485117067685
[1430]	271	0.730107773767	-0.0472356319929
[892]	270	0.730385860457	-0.0485139902735
[1042]	269	0.73066907039	-0.045661247215
[1145]	268	0.730911433406	-0.0415829041068
[1351]	267	0.731215085221	-0.0415749757062
[2001]	266	0.731405573609	-0.0420469516064
[1604]	265	0.731702808617	-0.0348473975738
[1245]	264	0.73197495098	-0.0367857304728
[1308]	263	0.732197784684	-0.0374990152093
[599]	262	0.732402158611	-0.0368852699599
[131]	261	0.732570923793	-0.0361083054674
[1148]	260	0.732679727999	-0.0351094274602
[282]	259	0.732875956111	-0.0367392554039
[145]	258	0.733198504513	-0.0358621130477
[1120]	257	0.733428895632	-0.0338496967198
[1524]	256	0.733540585181	-0.0343999878934
[847]	255	0.733742735828	-0.0314797854672
[74]	254	0.733867184019	-0.0324409821118
[1419]	253	0.734102873311	-0.0317996330566
[345]	252	0.734244467451	-0.0264696154367
[970]	251	0.73445111438	-0.0237961679524
[1383]	250	0.734632257598	-0.0254851733279
[1241]	249	0.734800712572	-0.0250891832018
[14]	248	0.734978936666	-0.0276361928208
[1667]	247	0.735113507252	-0.0259531490831
[1514]	246	0.735330120084	-0.0276857578524
[1631]	245	0.735465199196	-0.0260356248768
[610]	244	0.735625945804	-0.0295671376972
[1255]	243	0.735753439105	-0.0196228566538
[1376]	242	0.736009727773	-0.00577631197983
[622]	241	0.736253778339	-0.00753048643472
[785]	240	0.73661380123	-0.00819259580045
[172]	239	0.736976642129	-0.00644786008411
[429]	238	0.737379065176	-0.00699064139408
[1664]	237	0.737618185256	-0.0101121010695
[615]	236	0.73789531135	-0.00892589139769
[1986]	235	0.738059067463	-0.00830708949876
[1592]	234	0.73826928563	-0.008225839558
[1185]	233	0.738436453914	-0.00688316282552
[1529]	232	0.738557306453	-0.00632104414548
[494]	231	0.738691521262	-0.0154562297008
[1409]	230	0.738907370873	-0.0195023346403
[1704]	229	0.739125476921	-0.0184337010812
[371]	228	0.739253183459	-0.00611921798988
[649]	227	0.739381716441	-0.00930366091894
[1988]	226	0.739576717788	-0.0119591167699
[799]	225	0.739790510187	-0.00906731050375
[1036]	224	0.739975310562	-0.0101211941832
[254]	223	0.740118456429	-0.00791593774565
[867]	222	0.740223434206	-0.0158234974222
[1406]	221	0.740436868104	-0.0151334478806
[531]	220	0.74065386336	-0.0140046122836
[851]	219	0.740880355433	-0.0184407828757
[232]	218	0.741048903096	-0.0221500453105
[1966]	217	0.741214912274	-0.0196085853535
[1277]	216	0.741433547216	-0.0191161950454
[1569]	215	0.741634389674	-0.0201445789389
[1581]	214	0.741815025894	-0.0188382416014
[1214]	213	0.742063328637	-0.0149154570144
[739]	212	0.742338404321	-0.0355669401101
[645]	211	0.742877438753	-0.037704196443
[567]	210	0.743305537048	-0.0381686580403
[1847]	209	0.743519831763	-0.0382334356437
[1836]	208	0.743657230697	-0.0400776921395
[1501]	207	0.743790338129	-0.0389475219274
[1331]	206	0.743875025214	-0.0371622493772
[1040]	205	0.743965094496	-0.0428030251144
[91]	204	0.744040550242	-0.0403082332463
[288]	203	0.744204872077	-0.0350638245168
[1686]	202	0.744324295571	-0.0333443088212
[417]	201	0.744453552439	-0.0299924974756
[1420]	200	0.744526276063	-0.0299751145739
[0]	199	0.744701654518	-0.0368652844297
[638]	198	0.744895225179	-0.0398216668708
[721]	197	0.74536171019	-0.0373966387142
[1832]	196	0.745616647624	-0.037783888221
[656]	195	0.745848586465	-0.038030463995
[1805]	194	0.746049171118	-0.0406544011865
[1159]	193	0.746324090346	-0.0382229719314
[1801]	192	0.746563064109	-0.0381886165554
[1905]	191	0.746709023121	-0.0307133822684
[1694]	190	0.747000079254	-0.034106215219
[1013]	189	0.747050090991	-0.0373805998985
[1951]	188	0.747199067264	-0.0381105054996
[1954]	187	0.747261139377	-0.0382184172609
[1840]	186	0.747544434685	-0.0391099343466
[173]	185	0.747668344347	-0.0315744373474
[2060]	184	0.747800037059	-0.0363503744809
[1500]	183	0.748082440491	-0.0382450313668
[1175]	182	0.74821153023	-0.0383807157669
[1008]	181	0.748516876165	-0.0416602551103
[271]	180	0.748617630571	-0.0497352463328
[1786]	179	0.748655752387	-0.0496186805851
[1651]	178	0.748843849876	-0.0515033036901
[1655]	177	0.748881919169	-0.0516292206253
[94]	176	0.749029966002	-0.0538618614608
[643]	175	0.749383831365	-0.0644685470996
[472]	174	0.749868192206	-0.0603150083549
[1461]	173	0.750185620944	-0.061773645221
[24]	172	0.750854959419	-0.0613132837823
[486]	171	0.751175899224	-0.0602126914217
[1189]	170	0.751439824413	-0.0588517061701
[830]	169	0.751711183294	-0.0589582224939
[1737]	168	0.752026890256	-0.0586989344579
[1096]	167	0.752093152702	-0.0571393429254
[1730]	166	0.752180558131	-0.0563159345614
[1926]	165	0.752284688352	-0.0596946686915
[103]	164	0.752293217432	-0.0615109155423
[489]	163	0.75227973146	-0.0714404900817
[1493]	162	0.752449653214	-0.0705421945811
[1199]	161	0.752561508588	-0.0666057972981
[660]	160	0.75257049237	-0.0510608850386
[1448]	159	0.752831563104	-0.0518892478816
[1791]	158	0.753202072225	-0.0539578249142
[788]	157	0.753645127532	-0.0644960576913
[4]	156	0.754191290802	-0.0526545706133
[1497]	155	0.754568314116	-0.0492213765089
[1586]	154	0.754906083535	-0.0420198911933
[1931]	153	0.755035517589	-0.0368377405368
[1692]	152	0.75514548158	-0.0415385976476
[62]	151	0.755437297378	-0.0445689714806
[1425]	150	0.755579153964	-0.0445095117589
[1996]	149	0.755607747179	-0.0423899444637
[1441]	148	0.755775197444	-0.0339767513721
[115]	147	0.755837590464	-0.0330741697117
[1121]	146	0.755972275229	-0.0354942668463
[1200]	145	0.756180706107	-0.0328124666773
[1531]	144	0.756266158926	-0.0329375377541
[147]	143	0.756252721765	-0.0350032923442
[1554]	142	0.756185542397	-0.0292825301673
[1873]	141	0.756303889899	-0.0377901887492
[1512]	140	0.75654289625	-0.0424638851957
[849]	139	0.756652774792	-0.0458806690754
[1625]	138	0.756698784263	-0.0431621302727
[1496]	137	0.756846842454	-0.0438836989502
[1018]	136	0.756814669248	-0.0562269983325
[688]	135	0.75707141462	-0.0535450079199
[913]	134	0.757117982219	-0.0509626388819
[1279]	133	0.757458209398	-0.0688821559775
[1203]	132	0.757722775914	-0.0809231011268
[1098]	131	0.757752189948	-0.0778915870994
[1866]	130	0.757817486628	-0.0791880370384
[940]	129	0.757990617056	-0.0822683277144
[1610]	128	0.758410992545	-0.0775120718468
[1713]	127	0.758579001684	-0.0730879937533
[1033]	126	0.758568434302	-0.0742697806461
[1118]	125	0.75868095834	-0.082057612695
[1196]	124	0.758765717385	-0.0841910706233
[1207]	123	0.758983061697	-0.0702544108921
[217]	122	0.759464425217	-0.0696729112789
[1754]	121	0.759649255465	-0.0714070669476
[1734]	120	0.759756390058	-0.0704221158381
[1616]	119	0.759830824568	-0.0663763247139
[364]	118	0.75983632806	-0.0507367481646
[569]	117	0.760121676903	-0.0517947951585
[1965]	116	0.76025846155	-0.0545734896496
[1843]	115	0.760212048827	-0.0535006381733
[1959]	114	0.76042847846	-0.0530208203791
[782]	113	0.760628896509	-0.0454077311525
[1194]	112	0.7606535063	-0.0304502072665
[1295]	111	0.76066978978	-0.0351473051463
[1638]	110	0.760725142911	-0.0302833140497
[1806]	109	0.76069462014	-0.0287258987729
[1413]	108	0.760883144124	-0.022826983856
[1537]	107	0.760779398843	-0.0178129715969
[230]	106	0.76071398504	-0.0301927961175
[1613]	105	0.760833301304	-0.0448428903344
[342]	104	0.760649284766	-0.041690935307
[1038]	103	0.760644446144	-0.0590695925081
[1209]	102	0.760708429785	-0.0613361281121
[1867]	101	0.760729512704	-0.062202901048
[1436]	100	0.760556965934	-0.0601165645333
[47]	99	0.760802246041	-0.0781416838018
[1987]	98	0.760853652462	-0.0737963532386
[749]	97	0.760580540954	-0.0680553531686
[1495]	96	0.760183453788	-0.0660120597629
[1703]	95	0.759975085529	-0.0664719330323
[1506]	94	0.759420953679	-0.0743797732301
[2064]	93	0.759383197995	-0.0715386733321
[1884]	92	0.758745502393	-0.0647394022198
[519]	91	0.758511779965	-0.0561917095412
[55]	90	0.757583789349	-0.0542233802577
[1316]	89	0.756941896437	-0.0569657108987
[1952]	88	0.756168585139	-0.0558227512753
[1885]	87	0.75484534438	-0.0664465572856
[1550]	86	0.755132647448	-0.0718906318623
[1019]	85	0.754147492409	-0.0683157690966
[1111]	84	0.753406137027	-0.0582367616042
[783]	83	0.752884879059	-0.0509589884506
[1525]	82	0.752542336288	-0.0517481411744
[356]	81	0.751686001233	-0.0327459365393
[1089]	80	0.750919484373	-0.031038762959
[1767]	79	0.749839802591	-0.0330503795376
[1707]	78	0.74890019771	-0.0398308448331
[1502]	77	0.747849495839	-0.0465934236574
[1614]	76	0.747218194726	-0.044091788194
[640]	75	0.74748027838	-0.053825034157
[1275]	74	0.747941353288	-0.0692337157118
[1784]	73	0.748611761988	-0.0622914587619
[1109]	72	0.748235284392	-0.0451868965618
[1693]	71	0.747209168064	-0.0460517947691
[1213]	70	0.746238201574	-0.0158269514652
[1675]	69	0.74538021961	-0.0178528062846
[2008]	68	0.744782447096	-0.021480981574
[1113]	67	0.743924958331	-0.02965642366
[421]	66	0.7432075508	0.00486641530392
[1202]	65	0.743722314968	-0.00372201233747
[1400]	64	0.743408739125	-0.00947320564769
[1374]	63	0.742899564574	-0.00448328899144
[1814]	62	0.741857522973	-0.00325050233109
[1489]	61	0.741013160733	-0.00271217124625
[1765]	60	0.740324474549	-0.0135581509008
[1542]	59	0.738768298226	-0.0211487397789
[1570]	58	0.736743895824	-0.0423799205316
[1865]	57	0.735582107176	-0.040471648551
[1168]	56	0.734236214718	-0.0368601140551
[1830]	55	0.733124543794	-0.0392282327391
[135]	54	0.73206479433	-0.0423004222719
[1698]	53	0.730541757931	-0.0072230094774
[772]	52	0.729135453578	0.0197372759337
[1367]	51	0.728639111109	-0.000276012747626
[1740]	50	0.727600185329	-0.0026595434557
[650]	49	0.726709774513	-0.0185997651998
[1639]	48	0.726319959516	-0.0103290448701
[1051]	47	0.72490659447	-0.0137394804265
[186]	46	0.722748236856	-0.016724231656
[1677]	45	0.720678331617	-0.0284849396528
[1657]	44	0.720405932855	-0.0200020059989
[1244]	43	0.719195172707	0.00517022189932
[260]	42	0.717626824001	0.00761369312175
[1044]	41	0.716406420179	0.0108254575049
[1538]	40	0.71378876041	0.000599859984704
[29]	39	0.711872693344	-0.0282756038589
[628]	38	0.707960704695	-0.0351887481581
[1979]	37	0.705611719905	-0.0512955076673
[1392]	36	0.702341867451	-0.0366539839069
[49]	35	0.698395796498	-0.0735945999797
[2056]	34	0.693044654093	-0.076679226656
[1240]	33	0.690156525438	-0.0882922432089
[2053]	32	0.686072063708	-0.0953477074522
[291]	31	0.681435285723	-0.128413775059
[708]	30	0.681026682263	-0.118644062233
[1477]	29	0.676663809285	-0.117866535899
[1645]	28	0.674078850451	-0.104126485399
[1321]	27	0.66775114229	-0.0920005770776
[1706]	26	0.661195476599	-0.0839076564426
[730]	25	0.65798187633	-0.067347033252
[239]	24	0.657343640921	-0.0546425868054
[1211]	23	0.651665801117	-0.0881861404527
[858]	22	0.64784011771	-0.108626191383
[1349]	21	0.642392877118	-0.112872606804
[1174]	20	0.634016683665	-0.119042600888
[1150]	19	0.623204728886	-0.125454720642
[685]	18	0.610376441895	-0.131361734271
[2000]	17	0.598612542269	-0.144302917432
[1055]	16	0.581325242167	-0.15216711153
[1695]	15	0.572410586913	-0.180264169014
[330]	14	0.564479422712	-0.16326123515
[1326]	13	0.564277665963	-0.170171979497
[259]	12	0.546280962034	-0.151043386632
[944]	11	0.540228097527	-0.145351771785
[132]	10	0.519035065743	-0.12857130827
[1231]	9	0.493916318438	-0.110345402777
[1415]	8	0.485208360585	-0.111261396347
[412]	7	0.458283458276	-0.208505990757
[2005]	6	0.422893918631	-0.204970546819
[2066]	5	0.40185769894	-0.0958692635223
[993]	4	0.38228842241	-0.105492564634
[101]	3	0.305286681131	-0.126336202364
[2043]	2	0.172622731159	-0.142360955355
[308]	1	0.0390055599633	-0.113674672717
[467]	0	0.0	0.0
